parent_keyword,keywords_in_cluster,total_volume,avg_kd,fruits_weak_spots,bca_best_pos,bca_url,theme,best_fit,recommended_action,member_keywords,weak_spot_examples
popunder ads,1,2900,,1,,,Ad network / platform,Core,"NEW page - competitive SERP, needs authority",popunder ads,wikipedia.org@9
sports betting advertising,9,1640,18,18,11,/post/igaming-ad-examples,Advertising (general),Core,Optimize existing page (strike zone),sports betting advertising | sports betting ads | sports gambling ads | sports gambling advertising | betting advertising | sportsbook advertising | online betting ads | advertising sports betting | sports betting ads examples,c4recoveryfoundation.org(DR17)@4 | c4recoveryfoundation.org(DR17)@6 | c4recoveryfoundation.org(DR17)@7 | c4recoveryfoundation.org(DR17)@8 | c4recoveryfoundation.org(DR17)@9 | reddit.com@2 | reddit.com@3 | reddit.com@5
gambling ads,6,1510,41,22,14,/post/igaming-ad-examples,Advertising (general),Core,Optimize existing page (strike zone),gambling ads | casino ads | online casino ads | betting ads | ads for gambling | casino game ads,c4recoveryfoundation.org(DR17)@9 | pinterest.com@10 | pinterest.com@2 | pinterest.com@7 | reddit.com@1 | reddit.com@2 | reddit.com@3 | unbetgamblingads.com(DR17)@4
programmatic advertising platform,1,1300,,1,,,Ad network / platform,Core,"NEW page - competitive SERP, needs authority",programmatic advertising platform,reddit.com@3
gambling advertising,11,1210,58,18,42,/post/igaming-ad-examples,Advertising (general),Core,"Existing page, needs consolidation/links",gambling advertising | online casino advertising | gambling advertising regulations | online gambling ads | advertising for gambling | advertise gambling | gambling digital ads | online gambling advertising | gambling advertising regulations united states | compliant gambling advertising | gambling advertising rules,c4recoveryfoundation.org(DR17)@11 | c4recoveryfoundation.org(DR17)@8 | facebook.com@6 | facebook.com@8 | facebook.com@9 | pinterest.com@8 | reddit.com@1 | reddit.com@4
igaming marketing agency,11,1020,15,30,14,/post/igaming-marketing-agency,Agency-intent capture,High,Optimize existing page (strike zone),igaming marketing agency | igaming digital marketing agency | igaming digital agency | igaming agency | igaming marketing services | igaming marketing company | igaming growth marketing agency | igaming content marketing agency | igaming marketing agencies | igaming digital marketing services | igaming event marketing agency,igaming.agency(DR0.7)@1 | igaming.agency(DR0.7)@5 | igaming.agency(DR0.7)@8 | karaman.digital(DR7)@11 | karaman.digital(DR7)@3 | karaman.digital(DR7)@5 | karaman.digital(DR7)@6 | linkedin.com@3
ad networks for advertisers,1,1000,,1,,,Ad network / platform,Core,"NEW page - competitive SERP, needs authority",ad networks for advertisers,wikipedia.org@9
igaming seo agency,1,1000,40,2,,,Agency-intent capture,High,"NEW page - competitive SERP, needs authority",igaming seo agency,linkedin.com@4 | qwerty-labs.io(DR15)@6
gambling marketing agency,12,910,51,21,15,/post/igaming-marketing-agency,Agency-intent capture,High,Optimize existing page (strike zone),gambling marketing agency | casino marketing agency | casino digital marketing agency | betting company marketing agency | online betting marketing agency | online casino marketing agency | casino advertising agency | gambling digital marketing agency | gambling and casino marketing agencies | casino marketing services | casino marketing consulting | crypto casino marketing agency,bvcompany.org(DR5)@2 | euroasiacasino.com(DR8)@10 | globaltalent.co(DR19)@5 | jcarcamoassociates.com(DR22)@2 | linkedin.com@1 | linkedin.com@2 | linkedin.com@3 | linkedin.com@4
native advertising platform,1,880,,2,,,Ad network / platform,Core,"NEW page - competitive SERP, needs authority",native advertising platform,linkedin.com@11 | reddit.com@7
self serve ad platform,1,720,,2,,,Ad network / platform,Core,"NEW page - competitive SERP, needs authority",self serve ad platform,reddit.com@3 | youtube.com@6
google ads gambling policy news,15,710,46,26,7,/post/gambling-ads-google-policy,Compliance & platform policy,Core,Optimize existing page (strike zone),google ads gambling policy news | google ads gambling | google ads gambling policy | google ads gambling policy update | can you advertise gambling on google | google ads gambling and games policy | google ads gambling certification | social casino google ads | online gambling certificate google ads | google ads casino policy | casino google ads | google ads gambling certification apply | google ads gambling license | google ads online gambling allowed countries | social casino certificate google ads,linkedin.com@7 | reddit.com@3 | reddit.com@4 | reddit.com@5 | reddit.com@7 | youtube.com@3 | youtube.com@4 | youtube.com@5
igaming traffic,8,670,22,10,22,/post/top-gambling-ad-networks,Traffic buying,Core,"Existing page, needs consolidation/links",igaming traffic | igaming traffic provider | buy gambling traffic | buy igaming traffic | igaming traffic for affiliates | top traffic sources igaming | quality traffic igaming offers | igaming traffic sources,blackhatworld.com@10 | igamingaffiliates.io(DR6)@9 | reddit.com@10 | reddit.com@5 | reddit.com@7 | youtube.com@10 | youtube.com@7 | youtube.com@9
promote online casino,6,400,,12,,,Advertising (general),Core,"NEW page - weak SERP, quick win",promote online casino | promote casino | how to promote a casino website | how to promote online casino | how to advertise gambling | how to run ads for betting app,facebook.com@1 | facebook.com@10 | facebook.com@2 | facebook.com@9 | quora.com@10 | quora.com@7 | reddit.com@6 | reddit.com@8
casino advertising campaign,10,390,48,27,10,/post/gambling-advertising,Ad examples & creatives,Core,Optimize existing page (strike zone),casino advertising campaign | best casino ads | casino advertising examples | creative gambling ads | best gambling ads | gambling creatives | gambling advertising examples | casino ads examples | gambling ads examples | creative casino ads,marketingresults.net(DR16)@5 | pinterest.com@1 | pinterest.com@2 | pinterest.com@3 | pinterest.com@4 | pinterest.com@5 | pinterest.com@6 | pinterest.com@8
casino advertising,1,390,39,4,19,/post/casino-advertising-examples,Advertising (general),Core,Optimize existing page (strike zone),casino advertising,pinterest.com@1 | pinterest.com@4 | wikipedia.org@7 | youtube.com@3
igaming ads,3,310,12,4,13,/post/igaming-ad-examples,Advertising (general),Core,Optimize existing page (strike zone),igaming ads | igaming advertising | igaming online advertising,quora.com@6 | vizibl.ai(DR8)@4 | vizibl.ai(DR8)@5 | vizibl.ai(DR8)@9
sportsbook marketing services,2,280,4,7,,,Agency-intent capture,High,NEW page - moderately weak SERP,sportsbook marketing services | sportsbook marketing solutions,medium.com@4 | medium.com@8 | optimumsports.com(DR16)@4 | optimumsports.com(DR16)@9 | sportmarketingsolutions.com(DR0)@3 | teamcatalyst.com(DR5)@5 | teamcatalyst.com(DR5)@7
best ad networks,1,260,,2,,,Ad network / platform,Core,"NEW page - competitive SERP, needs authority",best ad networks,reddit.com@2 | youtube.com@11
casino advertising strategies,3,250,53,3,,,Advertising (general),Core,NEW page - moderately weak SERP,casino advertising strategies | best practices for casino ads | casino advertising channels,jcarcamoassociates.com(DR22)@9 | linkedin.com@9 | reddit.com@7
igaming ads networks,5,200,29,14,4,/post/top-gambling-ad-networks,Ad network / platform,Core,Optimize existing page (strike zone),igaming ads networks | best igaming ads networks | gambling ad network | igaming ad network | gambling advertising network,affiliateroulette.com(DR24)@10 | affiliateroulette.com(DR24)@9 | allinaffiliates.com(DR12)@5 | allinaffiliates.com(DR12)@6 | allinaffiliates.com(DR12)@7 | allinaffiliates.com(DR12)@8 | linkedin.com@5 | reddit.com@1
gambling advertising news,1,200,,1,,,Advertising (general),Core,"NEW page - competitive SERP, needs authority",gambling advertising news,youtube.com@3
gambling traffic,5,190,26,7,14,/post/top-gambling-ad-networks,Traffic buying,Core,Optimize existing page (strike zone),gambling traffic | gambling traffic sources | buy casino traffic | betting traffic sources | sports betting traffic sources,affiliace.digital(DR0)@7 | blackhatworld.com@11 | linkedin.com@10 | linkedin.com@4 | reddit.com@6 | youtube.com@9
crypto ad network,3,180,,6,,,Ad network / platform,Core,NEW page - moderately weak SERP,crypto ad network | crypto advertising platform | best crypto ad network,coin.network(DR13)@6 | coin.network(DR13)@8 | coinad.media(DR19)@9 | reddit.com@5 | reddit.com@7
sports betting marketing agency,5,160,50,9,16,/post/igaming-marketing-agency,Agency-intent capture,High,Optimize existing page (strike zone),sports betting marketing agency | betting marketing agency | marketing agency for sports betting | sportsbook digital marketing agency | sportsbook marketing agency,bvcompany.org(DR5)@1 | bvcompany.org(DR5)@10 | bvcompany.org(DR5)@7 | linkedin.com@10 | linkedin.com@3 | linkedin.com@6 | linkedin.com@7 | optimumsports.com(DR16)@5
igaming crm marketing solutions,1,150,,4,,,Agency-intent capture,High,NEW page - moderately weak SERP,igaming crm marketing solutions,medium.com@10 | optikpi.com(DR25)@3 | quettaspins.com(DR4.4)@5 | reddit.com@4
betting traffic,3,140,,6,,,Traffic buying,Core,NEW page - moderately weak SERP,betting traffic | traffic gambling | sports betting traffic,instagram.com@5 | instagram.com@6 | instagram.com@9 | reddit.com@2 | reddit.com@3 | reddit.com@7
self serve dsp,1,110,,2,,,Ad network / platform,Core,"NEW page - competitive SERP, needs authority",self serve dsp,reddit.com@2 | vizibl.ai(DR8)@11
facebook gambling ads,6,100,52,27,13,/post/advertising-online-gambling-on-facebook,Advertising (general),Core,Optimize existing page (strike zone),facebook gambling ads | advertise gambling pop sources online | casino facebook ads | facebook gambling ads policy | facebook casino ads | casino ads on facebook,blackhatworld.com@2 | blackhatworld.com@6 | blackhatworld.com@8 | facebook.com@1 | facebook.com@10 | facebook.com@11 | facebook.com@3 | facebook.com@4
casino traffic,1,100,32,3,,,Traffic buying,Core,NEW page - moderately weak SERP,casino traffic,youtube.com@10 | youtube.com@3 | youtube.com@6
gambling ads traffic,2,70,,7,,,Traffic buying,Core,NEW page - moderately weak SERP,gambling ads traffic | casino ads traffic,affiliace.digital(DR0)@10 | instagram.com@10 | memorialriflesquad.org(DR11)@8 | reddit.com@7 | reddit.com@9 | x.com@8 | youtube.com@3
sports betting advertising regulation,1,70,24,0,,,Compliance & platform policy,High,"NEW page - competitive SERP, needs authority",sports betting advertising regulation,
igaming traffic purchase online advertising,1,70,,1,,,Traffic buying,Core,"NEW page - competitive SERP, needs authority",igaming traffic purchase online advertising,quora.com@6
meta ads policy gambling news,1,70,,2,,,Compliance & platform policy,High,"NEW page - competitive SERP, needs authority",meta ads policy gambling news,facebook.com@1 | linkedin.com@5
best practices for igaming ads,1,60,,1,,,Advertising (general),Core,"NEW page - competitive SERP, needs authority",best practices for igaming ads,viciousmarketing.net(DR22)@6
gambling push ads,3,50,,8,,,Ad network / platform,Core,"NEW page - weak SERP, quick win",gambling push ads | casino push ads | betting push ads,afflift.com@3 | instagram.com@10 | logo-partyband.de(DR0)@9 | reddit.com@4 | reddit.com@7 | youtube.com@10 | youtube.com@6 | youtube.com@8
online casino advertising networks for publishers,2,50,21,3,,,Ad network / platform,Core,NEW page - moderately weak SERP,online casino advertising networks for publishers | betting ad network,linkedin.com@6 | reddit.com@4 | reddit.com@5
crypto casino traffic,1,50,24,2,,,Traffic buying,Core,"NEW page - competitive SERP, needs authority",crypto casino traffic,igamingmarketinglab.com(DR16)@8 | youtube.com@11
push notification ads,1,50,,1,,,Ad network / platform,Core,"NEW page - competitive SERP, needs authority",push notification ads,reddit.com@5
push ads network,1,50,,1,,,Ad network / platform,Core,"NEW page - competitive SERP, needs authority",push ads network,push-ads.com(DR2.3)@3
casino seo marketing services,1,50,,3,,,Agency-intent capture,High,NEW page - moderately weak SERP,casino seo marketing services,linkedin.com@5 | marqade.com(DR3)@1 | seocasinomarketing.com(DR3.1)@7
igaming google ads,1,40,,3,,,Advertising (general),Core,NEW page - moderately weak SERP,igaming google ads,linkedin.com@8 | ppcjuice.com(DR3.3)@4 | reddit.com@2
tiktok advertising policy gambling,1,40,,6,,,Compliance & platform policy,High,NEW page - moderately weak SERP,tiktok advertising policy gambling,blackhatworld.com@6 | reddit.com@10 | tiktok.com@1 | tiktok.com@11 | tiktok.com@3 | tiktok.com@4
responsible gambling advertising,1,40,,0,,,Compliance & platform policy,High,"NEW page - competitive SERP, needs authority",responsible gambling advertising,
converting casino traffic into players,2,30,12,7,,,Traffic buying,Core,NEW page - moderately weak SERP,converting casino traffic into players | online casino traffic,affiliace.digital(DR0)@5 | affiliace.digital(DR0)@9 | linkedin.com@3 | marqade.com(DR3)@5 | marqade.com(DR3)@7 | quora.com@4 | youtube.com@6
gambling affiliate traffic,1,30,,2,,,Traffic buying,Core,"NEW page - competitive SERP, needs authority",gambling affiliate traffic,igamingaffiliates.io(DR6)@8 | reddit.com@11
casino media buying,1,30,0,3,,,Traffic buying,Core,NEW page - moderately weak SERP,casino media buying,betboyz.com(DR13)@7 | linkedin.com@10 | reddit.com@4
crypto casino ads,1,30,,4,,,Advertising (general),Core,NEW page - moderately weak SERP,crypto casino ads,adspires.com(DR0)@5 | globaltalent.co(DR19)@3 | reddit.com@6 | scalewithascend.com(DR0)@8
affiliate casino traffic tools,1,30,42,3,,,Traffic buying,Core,NEW page - moderately weak SERP,affiliate casino traffic tools,allinaffiliates.com(DR12)@3 | quora.com@5 | reddit.com@9
adsterra alternative,1,30,,1,,,Competitor alternatives,Core,"NEW page - competitive SERP, needs authority",adsterra alternative,reddit.com@11
sports betting affiliate traffic,1,20,,1,,,Traffic buying,Core,"NEW page - competitive SERP, needs authority",sports betting affiliate traffic,reddit.com@6
pop ads network,1,20,,2,,,Ad network / platform,Core,"NEW page - competitive SERP, needs authority",pop ads network,reddit.com@8 | richpops.com(DR15)@5
media buying igaming,1,10,,4,,,Traffic buying,Core,NEW page - moderately weak SERP,media buying igaming,betboyz.com(DR13)@2 | linkedin.com@4 | reddit.com@10 | reddit.com@3
igaming advertising trends 2026,1,10,,2,,,Advertising (general),Core,"NEW page - competitive SERP, needs authority",igaming advertising trends 2026,jcarcamoassociates.com(DR22)@6 | youtube.com@7
pop-under traffic for betting campaigns,1,10,,2,,,Ad network / platform,Core,"NEW page - competitive SERP, needs authority",pop-under traffic for betting campaigns,blackhatworld.com@8 | memorialriflesquad.org(DR11)@9
us sports betting advertising spend 2023,1,10,,2,,,Advertising (general),Core,"NEW page - competitive SERP, needs authority",us sports betting advertising spend 2023,facebook.com@11 | linkedin.com@7
taboola alternatives,1,10,,1,,,Competitor alternatives,Core,"NEW page - competitive SERP, needs authority",taboola alternatives,reddit.com@4
adroll alternatives,1,10,,1,,,Competitor alternatives,Core,"NEW page - competitive SERP, needs authority",adroll alternatives,reddit.com@5
hilltopads alternative,1,10,,2,,,Competitor alternatives,Core,"NEW page - competitive SERP, needs authority",hilltopads alternative,reddit.com@4 | youtube.com@10
propellerads alternative,1,10,,1,,,Competitor alternatives,Core,"NEW page - competitive SERP, needs authority",propellerads alternative,reddit.com@5
guide to compliant gambling advertising,1,10,,1,,,Compliance & platform policy,High,"NEW page - competitive SERP, needs authority",guide to compliant gambling advertising,quora.com@8
microsoft advertising gambling policy,1,10,,1,,,Compliance & platform policy,High,"NEW page - competitive SERP, needs authority",microsoft advertising gambling policy,linkedin.com@11
taboola advertising policy gambling,1,10,,2,,,Compliance & platform policy,High,"NEW page - competitive SERP, needs authority",taboola advertising policy gambling,reddit.com@6 | youtube.com@8
betting email marketing services,1,10,,2,,,Agency-intent capture,High,"NEW page - competitive SERP, needs authority",betting email marketing services,reddit.com@6 | warriorforum.com@4
