keyword,vertical,cluster,audience,bca_fit,vol_ahrefs,vol_googleads,cpc_usd,kd,bca_pos,bca_url,pos_source,sources,in_library,exclude_reason
popunder ads,Cross-vertical,Ad network / platform,Advertiser / media buyer,Core,,2900,33.15,,,,,dfs_googleads,no,generic adtech (non-vertical)
programmatic advertising platform,Cross-vertical,Ad network / platform,Advertiser / media buyer,Core,,1300,53.06,,,,,dfs_googleads,no,generic adtech (non-vertical)
sports betting advertising,Betting,Advertising (general),Advertiser / media buyer,Core,250,1000,12.0,22,43,/post/igaming-ad-examples,DFS index,"ahrefs_mt_betting, dfs_googleads",yes,
ad networks for advertisers,Cross-vertical,Ad network / platform,Advertiser / media buyer,Core,,1000,24.5,,,,,dfs_googleads,no,generic adtech (non-vertical)
native advertising platform,Cross-vertical,Ad network / platform,Advertiser / media buyer,Core,,880,27.45,,,,,dfs_googleads,no,generic adtech (non-vertical)
gambling advertising,Gambling,Advertising (general),Advertiser / media buyer,Core,250,720,17.94,58,42,/post/igaming-ad-examples,DFS index,"ahrefs_mt_gambling, dfs_googleads",yes,
gambling ads,Gambling,Advertising (general),Advertiser / media buyer,Core,250,720,17.94,53,25,/post/igaming-ad-examples,DFS index,"ahrefs_comp_richads, ahrefs_mt_gambling, dfs_googleads",yes,
self serve ad platform,Cross-vertical,Ad network / platform,Advertiser / media buyer,Core,,720,314.98,,,,,dfs_googleads,no,generic adtech (non-vertical)
casino advertising,Casino,Advertising (general),Advertiser / media buyer,Core,200,390,45.28,39,19,/post/casino-advertising-examples,GSC 28d,"ahrefs_comp_richads, ahrefs_mt_casino, dfs_googleads",yes,
casino ads,Casino,Advertising (general),Advertiser / media buyer,Core,150,390,45.28,39,26,/post/igaming-ad-examples,DFS index,"ahrefs_comp_richads, ahrefs_mt_casino, dfs_googleads",yes,
best ad networks,Cross-vertical,Ad network / platform,Advertiser / media buyer,Core,,260,4.31,,,,,dfs_googleads,no,generic adtech (non-vertical)
igaming traffic,iGaming,Traffic buying,Advertiser / media buyer,Core,,260,53.68,,,,,dfs_googleads,yes,
igaming ads,iGaming,Advertising (general),Advertiser / media buyer,Core,200,,,12,16,/post/igaming-ad-examples,GSC 28d,ahrefs_mt_igaming,yes,
gambling advertising news,Gambling,Advertising (general),Advertiser / media buyer,Core,200,,,,,,,ahrefs_mt_gambling,yes,
casino advertising strategies,Casino,Advertising (general),Advertiser / media buyer,Core,200,,,53,,,,ahrefs_mt_casino,yes,
sports betting ads,Betting,Advertising (general),Advertiser / media buyer,Core,200,,6.0,13,11,/post/igaming-ad-examples,DFS index,ahrefs_mt_betting,yes,
igaming traffic provider,iGaming,Traffic buying,Advertiser / media buyer,Core,150,,,,,,,ahrefs_mt_igaming,yes,
buy gambling traffic,Gambling,Traffic buying,Advertiser / media buyer,Core,150,110,,,22,/post/top-gambling-ad-networks,live SERP 07-28,"ahrefs_mt_gambling, dfs_googleads",yes,
online casino ads,Casino,Advertising (general),Advertiser / media buyer,Core,150,,4.0,38,,,,"ahrefs_comp_richads, ahrefs_mt_casino",yes,
casino advertising campaign,Casino,Advertising (general),Advertiser / media buyer,Core,150,,,56,,,,"ahrefs_comp_richads, ahrefs_mt_casino",yes,
betting ads,Betting,Advertising (general),Advertiser / media buyer,Core,150,90,20.04,33,,,,"ahrefs_mt_betting, dfs_googleads",yes,
crypto ad network,Cross-vertical,Ad network / platform,Advertiser / media buyer,Core,,110,,,,,,dfs_googleads,no,crypto vertical (separate library)
self serve dsp,Cross-vertical,Ad network / platform,Advertiser / media buyer,Core,,110,258.51,,,,,dfs_googleads,no,generic adtech (non-vertical)
igaming advertising,iGaming,Advertising (general),Advertiser / media buyer,Core,100,40,,,13,/post/igaming-ad-examples,live SERP 07-28,"ahrefs_mt_igaming, dfs_googleads",yes,
google ads gambling,Gambling,Advertising (general),Advertiser / media buyer,Core,100,,,32,,,,ahrefs_mt_gambling,yes,
promote online casino,Casino,Advertising (general),Advertiser / media buyer,Core,100,20,4.0,,,,,"ahrefs_mt_casino, dfs_googleads",yes,
online casino advertising,Casino,Advertising (general),Advertiser / media buyer,Core,100,70,4.0,61,,,,"ahrefs_comp_richads, ahrefs_mt_casino, dfs_googleads",yes,
casino traffic,Casino,Traffic buying,Advertiser / media buyer,Core,100,,19.0,32,,,,ahrefs_mt_casino,yes,
promote casino,Casino,Advertising (general),Advertiser / media buyer,Core,100,,,,,,,ahrefs_mt_casino,yes,
sports gambling ads,Gambling,Advertising (general),Advertiser / media buyer,Core,90,,,,,,,ahrefs_mt_gambling,yes,
online gambling ads,Gambling,Advertising (general),Advertiser / media buyer,Core,90,,4.0,,,,,ahrefs_mt_gambling,yes,
sports gambling advertising,Gambling,Advertising (general),Advertiser / media buyer,Core,90,,,,,,,ahrefs_mt_gambling,yes,
betting advertising,Betting,Advertising (general),Advertiser / media buyer,Core,,90,20.04,,,,,dfs_googleads,yes,
ads for gambling,Gambling,Advertising (general),Advertiser / media buyer,Core,80,,,,14,/post/igaming-ad-examples,DFS index,ahrefs_mt_gambling,yes,
how to promote a casino website,Casino,Advertising (general),Advertiser / media buyer,Core,80,,,,,,,ahrefs_mt_casino,yes,
how to promote online casino,Casino,Advertising (general),Advertiser / media buyer,Core,80,,,,,,,ahrefs_mt_casino,yes,
igaming traffic purchase online advertising,iGaming,Traffic buying,Advertiser / media buyer,Core,70,,,,,,,ahrefs_mt_igaming,yes,
gambling traffic,Gambling,Traffic buying,Advertiser / media buyer,Core,20,70,,11,,,,"ahrefs_mt_gambling, dfs_googleads",yes,
betting traffic,Betting,Traffic buying,Advertiser / media buyer,Core,70,,,,,,,ahrefs_mt_betting,yes,
best practices for igaming ads,iGaming,Advertising (general),Advertiser / media buyer,Core,60,,,,,,,ahrefs_mt_igaming,yes,
gambling traffic sources,Gambling,Traffic buying,Advertiser / media buyer,Core,60,,,,,,,ahrefs_mt_gambling,yes,
sportsbook advertising,Betting,Advertising (general),Advertiser / media buyer,Core,60,,5.0,19,,,,ahrefs_mt_betting,yes,
igaming ads networks,iGaming,Ad network / platform,Advertiser / media buyer,Core,50,,,,,,,ahrefs_mt_igaming,yes,
best igaming ads networks,iGaming,Ad network / platform,Advertiser / media buyer,Core,50,,,,4,/post/top-gambling-ad-networks,GSC 28d,ahrefs_mt_igaming,yes,
traffic gambling,Gambling,Traffic buying,Advertiser / media buyer,Core,50,,,,,,,ahrefs_mt_gambling,no,consumer/off-topic
gambling ads traffic,Gambling,Traffic buying,Advertiser / media buyer,Core,50,,,,,,,ahrefs_mt_gambling,yes,
crypto casino traffic,Casino,Traffic buying,Advertiser / media buyer,Core,50,,,24,,,,ahrefs_mt_casino,yes,
online betting ads,Betting,Advertising (general),Advertiser / media buyer,Core,50,,,,,,,ahrefs_mt_betting,yes,
push notification ads,Cross-vertical,Ad network / platform,Advertiser / media buyer,Core,,50,83.26,,,,,dfs_googleads,no,generic adtech (non-vertical)
push ads network,Cross-vertical,Ad network / platform,Advertiser / media buyer,Core,,50,,,,,,dfs_googleads,no,generic adtech (non-vertical)
igaming google ads,iGaming,Advertising (general),Advertiser / media buyer,Core,40,,,,,,,ahrefs_mt_igaming,yes,
buy igaming traffic,iGaming,Traffic buying,Advertiser / media buyer,Core,40,,,,47,/post/top-gambling-ad-networks,GSC 28d,ahrefs_mt_igaming,yes,
advertising for gambling,Gambling,Advertising (general),Advertiser / media buyer,Core,40,,,,,,,ahrefs_mt_gambling,yes,
advertise gambling,Gambling,Advertising (general),Advertiser / media buyer,Core,40,,,,,,,ahrefs_mt_gambling,yes,
gambling ad network,Gambling,Ad network / platform,Advertiser / media buyer,Core,40,20,,,17,/post/top-gambling-ad-networks,GSC 28d,"ahrefs_mt_gambling, dfs_googleads",yes,
online casino advertising networks for publishers,Casino,Ad network / platform,Advertiser / media buyer,Core,40,,,,,,,ahrefs_mt_casino,yes,
crypto advertising platform,Cross-vertical,Advertising (general),Advertiser / media buyer,Core,,40,,,,,,dfs_googleads,no,crypto vertical (separate library)
igaming traffic for affiliates,iGaming,Traffic buying,Advertiser / media buyer,Core,30,,,,,,,ahrefs_mt_igaming,yes,
igaming ad network,iGaming,Ad network / platform,Advertiser / media buyer,Core,30,,,,9,/post/top-gambling-ad-networks,live SERP 07-28,ahrefs_mt_igaming,yes,
gambling affiliate traffic,Gambling,Traffic buying,Advertiser / media buyer,Core,30,,,,,,,ahrefs_mt_gambling,yes,
gambling advertising network,Gambling,Ad network / platform,Advertiser / media buyer,Core,30,,,29,,,,ahrefs_mt_gambling,yes,
gambling digital ads,Gambling,Advertising (general),Advertiser / media buyer,Core,30,,,,,,,ahrefs_mt_gambling,yes,
online gambling advertising,Gambling,Advertising (general),Advertiser / media buyer,Core,30,30,1.6,53,,,,"ahrefs_mt_gambling, dfs_googleads",yes,
buy casino traffic,Casino,Traffic buying,Advertiser / media buyer,Core,30,10,,49,14,/post/top-gambling-ad-networks,GSC 28d,"ahrefs_mt_casino, dfs_googleads",yes,
casino media buying,Casino,Traffic buying,Advertiser / media buyer,Core,30,,,0,,,,ahrefs_mt_casino,yes,
best practices for casino ads,Casino,Advertising (general),Advertiser / media buyer,Core,30,,,,,,,ahrefs_mt_casino,yes,
crypto casino ads,Casino,Advertising (general),Advertiser / media buyer,Core,30,,,,,,,ahrefs_mt_casino,yes,
affiliate casino traffic tools,Casino,Traffic buying,Advertiser / media buyer,Core,30,,,42,,,,ahrefs_mt_casino,yes,
advertising sports betting,Betting,Advertising (general),Advertiser / media buyer,Core,30,,,,,,,ahrefs_mt_betting,yes,
adsterra alternative,Cross-vertical,Competitor alternatives,Advertiser / media buyer,Core,,30,16.6,,,,,dfs_googleads,yes,
best crypto ad network,Cross-vertical,Ad network / platform,Advertiser / media buyer,Core,,30,,,,,,dfs_googleads,no,crypto vertical (separate library)
top traffic sources igaming,iGaming,Traffic buying,Advertiser / media buyer,Core,20,,,,,,,ahrefs_mt_igaming,yes,
facebook gambling ads,Gambling,Advertising (general),Advertiser / media buyer,Core,20,,,52,,,,ahrefs_mt_gambling,yes,
how to advertise gambling,Gambling,Advertising (general),Advertiser / media buyer,Core,20,,,,,,,ahrefs_mt_gambling,yes,
gambling push ads,Gambling,Ad network / platform,Advertiser / media buyer,Core,20,,,,,,,ahrefs_mt_gambling,yes,
advertise gambling pop sources online,Gambling,Advertising (general),Advertiser / media buyer,Core,20,,,,,,,ahrefs_mt_gambling,yes,
social casino google ads,Casino,Advertising (general),Advertiser / media buyer,Core,20,,,,,,,ahrefs_mt_casino,yes,
casino advertising channels,Casino,Advertising (general),Advertiser / media buyer,Core,20,,,,,,,ahrefs_mt_casino,yes,
casino push ads,Casino,Ad network / platform,Advertiser / media buyer,Core,20,,,,,,,ahrefs_mt_casino,yes,
casino facebook ads,Casino,Advertising (general),Advertiser / media buyer,Core,20,,,,,,,ahrefs_mt_casino,yes,
converting casino traffic into players,Casino,Traffic buying,Advertiser / media buyer,Core,20,,,12,,,,ahrefs_mt_casino,yes,
casino game ads,Casino,Advertising (general),Advertiser / media buyer,Core,20,,,,,,,ahrefs_mt_casino,yes,
casino ads traffic,Casino,Traffic buying,Advertiser / media buyer,Core,20,,,,,,,ahrefs_mt_casino,yes,
sports betting traffic,Betting,Traffic buying,Advertiser / media buyer,Core,20,,,,,,,ahrefs_mt_betting,yes,
betting traffic sources,Betting,Traffic buying,Advertiser / media buyer,Core,20,,,17,,,,ahrefs_mt_betting,yes,
sports betting affiliate traffic,Betting,Traffic buying,Advertiser / media buyer,Core,20,,,,,,,ahrefs_mt_betting,yes,
how to run ads for betting app,Betting,Advertising (general),Advertiser / media buyer,Core,20,,,,,,,ahrefs_mt_betting,yes,
pop ads network,Cross-vertical,Ad network / platform,Advertiser / media buyer,Core,,20,,,,,,dfs_googleads,no,generic adtech (non-vertical)
quality traffic igaming offers,iGaming,Traffic buying,Advertiser / media buyer,Core,10,,,,,,,ahrefs_mt_igaming,yes,
igaming traffic sources,iGaming,Traffic buying,Advertiser / media buyer,Core,10,,,22,,,,ahrefs_mt_igaming,yes,
media buying igaming,iGaming,Traffic buying,Advertiser / media buyer,Core,10,,,,,,,ahrefs_mt_igaming,yes,
igaming advertising trends 2026,iGaming,Advertising (general),Advertiser / media buyer,Core,10,,,,,,,ahrefs_mt_igaming,yes,
igaming online advertising,iGaming,Advertising (general),Advertiser / media buyer,Core,10,,,,,,,ahrefs_mt_igaming,yes,
online casino traffic,Casino,Traffic buying,Advertiser / media buyer,Core,10,,,,,,,ahrefs_mt_casino,yes,
casino google ads,Casino,Advertising (general),Advertiser / media buyer,Core,10,,,,,,,ahrefs_mt_casino,yes,
facebook casino ads,Casino,Advertising (general),Advertiser / media buyer,Core,10,,,,,,,ahrefs_mt_casino,yes,
casino ads on facebook,Casino,Advertising (general),Advertiser / media buyer,Core,10,,,,13,/post/advertising-online-gambling-on-facebook,DFS index,ahrefs_mt_casino,yes,
pop-under traffic for betting campaigns,Betting,Ad network / platform,Advertiser / media buyer,Core,10,,,,,,,ahrefs_mt_betting,yes,
betting push ads,Betting,Ad network / platform,Advertiser / media buyer,Core,10,,,,,,,ahrefs_mt_betting,yes,
betting ad network,Betting,Ad network / platform,Advertiser / media buyer,Core,10,,,21,,,,ahrefs_mt_betting,yes,
sports betting traffic sources,Betting,Traffic buying,Advertiser / media buyer,Core,10,,,,,,,ahrefs_mt_betting,yes,
us sports betting advertising spend 2023,Betting,Advertising (general),Advertiser / media buyer,Core,10,,,,,,,ahrefs_mt_betting,yes,
taboola alternatives,Cross-vertical,Competitor alternatives,Advertiser / media buyer,Core,,10,105.99,,,,,dfs_googleads,no,generic adtech (non-vertical)
adroll alternatives,Cross-vertical,Competitor alternatives,Advertiser / media buyer,Core,,10,58.78,,,,,dfs_googleads,no,generic adtech (non-vertical)
hilltopads alternative,Cross-vertical,Competitor alternatives,Advertiser / media buyer,Core,,10,48.43,,,,,dfs_googleads,yes,
propellerads alternative,Cross-vertical,Competitor alternatives,Advertiser / media buyer,Core,,10,,,,,,dfs_googleads,yes,
igaming seo agency,iGaming,Agency-intent capture,Advertiser / media buyer,High,1000,,4.5,40,,,,ahrefs_comp_hilltopads,yes,
igaming marketing agency,iGaming,Agency-intent capture,Advertiser / media buyer,High,400,50,15.1,0,14,/post/igaming-marketing-agency,live SERP 07-28,"ahrefs_comp_hilltopads, ahrefs_mt_igaming, dfs_googleads",yes,
sportsbook marketing services,Betting,Agency-intent capture,Advertiser / media buyer,High,250,,,4,,,,ahrefs_mt_betting,yes,
google ads gambling policy news,Gambling,Compliance & platform policy,Advertiser / media buyer,High,200,,,,,,,ahrefs_mt_gambling,yes,
igaming crm marketing solutions,iGaming,Agency-intent capture,Advertiser / media buyer,High,150,,,,,,,ahrefs_mt_igaming,yes,
igaming digital marketing agency,iGaming,Agency-intent capture,Advertiser / media buyer,High,150,,,24,,,,"ahrefs_comp_hilltopads, ahrefs_mt_igaming",yes,
gambling marketing agency,Gambling,Agency-intent capture,Advertiser / media buyer,High,150,30,,52,,,,"ahrefs_mt_gambling, dfs_googleads",yes,
casino marketing agency,Casino,Agency-intent capture,Advertiser / media buyer,High,150,50,,53,22,/post/igaming-marketing-agency,GSC 28d,"ahrefs_mt_casino, dfs_googleads",yes,
casino digital marketing agency,Casino,Agency-intent capture,Advertiser / media buyer,High,150,,,53,20,/post/igaming-marketing-agency,GSC 28d,ahrefs_mt_casino,yes,
igaming digital agency,iGaming,Agency-intent capture,Advertiser / media buyer,High,150,,,13,,,,ahrefs_comp_hilltopads,yes,
gambling advertising regulations,Gambling,Compliance & platform policy,Advertiser / media buyer,High,100,,,61,,,,ahrefs_mt_gambling,yes,
betting company marketing agency,Betting,Agency-intent capture,Advertiser / media buyer,High,100,,,60,,,,ahrefs_mt_betting,yes,
online betting marketing agency,Betting,Agency-intent capture,Advertiser / media buyer,High,100,,,57,,,,ahrefs_mt_betting,yes,
igaming agency,iGaming,Agency-intent capture,Advertiser / media buyer,High,100,,,16,,,,ahrefs_comp_hilltopads,yes,
google ads gambling policy,Gambling,Compliance & platform policy,Advertiser / media buyer,High,90,,,60,7,/post/gambling-ads-google-policy,GSC 28d,ahrefs_mt_gambling,yes,
online casino marketing agency,Casino,Agency-intent capture,Advertiser / media buyer,High,90,,,61,15,/post/igaming-marketing-agency,GSC 28d,ahrefs_mt_casino,yes,
igaming marketing services,iGaming,Agency-intent capture,Advertiser / media buyer,High,70,,,28,,,,ahrefs_mt_igaming,yes,
google ads gambling policy update,Gambling,Compliance & platform policy,Advertiser / media buyer,High,70,,,,,,,ahrefs_mt_gambling,yes,
meta ads policy gambling news,Gambling,Compliance & platform policy,Advertiser / media buyer,High,70,,,,,,,ahrefs_mt_gambling,yes,
best casino ads,Casino,Ad examples & creatives,Advertiser / media buyer,High,70,,,,,,,ahrefs_mt_casino,yes,
sports betting advertising regulation,Betting,Compliance & platform policy,Advertiser / media buyer,High,70,,,24,,,,ahrefs_mt_betting,yes,
can you advertise gambling on google,Gambling,Compliance & platform policy,Advertiser / media buyer,High,60,,,,,,,ahrefs_mt_gambling,yes,
sports betting marketing agency,Betting,Agency-intent capture,Advertiser / media buyer,High,60,,,39,,,,ahrefs_mt_betting,yes,
google ads gambling and games policy,Gambling,Compliance & platform policy,Advertiser / media buyer,High,50,,,,,,,ahrefs_mt_gambling,yes,
casino advertising agency,Casino,Agency-intent capture,Advertiser / media buyer,High,50,,,58,,,,ahrefs_mt_casino,yes,
casino seo marketing services,Casino,Agency-intent capture,Advertiser / media buyer,High,50,,,,,,,ahrefs_mt_casino,yes,
casino advertising examples,Casino,Ad examples & creatives,Advertiser / media buyer,High,50,,,39,,,,ahrefs_mt_casino,yes,
betting marketing agency,Betting,Agency-intent capture,Advertiser / media buyer,High,50,,,61,16,/post/igaming-marketing-agency,GSC 28d,ahrefs_mt_betting,yes,
igaming marketing company,iGaming,Agency-intent capture,Advertiser / media buyer,High,40,,,40,,,,ahrefs_mt_igaming,yes,
tiktok advertising policy gambling,Gambling,Compliance & platform policy,Advertiser / media buyer,High,40,,,,,,,ahrefs_mt_gambling,yes,
responsible gambling advertising,Gambling,Compliance & platform policy,Advertiser / media buyer,High,40,,,,,,,ahrefs_mt_gambling,yes,
igaming growth marketing agency,iGaming,Agency-intent capture,Advertiser / media buyer,High,30,,,0,,,,ahrefs_mt_igaming,yes,
igaming content marketing agency,iGaming,Agency-intent capture,Advertiser / media buyer,High,30,,,0,,,,ahrefs_mt_igaming,yes,
gambling advertising regulations united states,Gambling,Compliance & platform policy,Advertiser / media buyer,High,30,,,,,,,ahrefs_mt_gambling,yes,
google ads gambling certification,Gambling,Compliance & platform policy,Advertiser / media buyer,High,30,,,,,,,ahrefs_mt_gambling,yes,
gambling digital marketing agency,Gambling,Agency-intent capture,Advertiser / media buyer,High,30,,,62,,,,ahrefs_mt_gambling,yes,
gambling and casino marketing agencies,Casino,Agency-intent capture,Advertiser / media buyer,High,30,,,,,,,ahrefs_mt_gambling,yes,
casino marketing services,Casino,Agency-intent capture,Advertiser / media buyer,High,30,,,39,,,,ahrefs_mt_casino,yes,
sportsbook marketing solutions,Betting,Agency-intent capture,Advertiser / media buyer,High,30,,,,,,,ahrefs_mt_betting,yes,
sports betting ads examples,Betting,Ad examples & creatives,Advertiser / media buyer,High,30,,,,,,,ahrefs_mt_betting,yes,
igaming marketing agencies,iGaming,Agency-intent capture,Advertiser / media buyer,High,20,,,,,,,ahrefs_mt_igaming,yes,
igaming digital marketing services,iGaming,Agency-intent capture,Advertiser / media buyer,High,20,,,14,,,,ahrefs_mt_igaming,yes,
creative gambling ads,Gambling,Ad examples & creatives,Advertiser / media buyer,High,20,,,,,,,ahrefs_mt_gambling,yes,
best gambling ads,Gambling,Ad examples & creatives,Advertiser / media buyer,High,20,,,,,,,ahrefs_mt_gambling,yes,
gambling creatives,Gambling,Ad examples & creatives,Advertiser / media buyer,High,20,,,,,,,ahrefs_mt_gambling,yes,
online gambling certificate google ads,Gambling,Compliance & platform policy,Advertiser / media buyer,High,20,,,,,,,ahrefs_mt_gambling,yes,
compliant gambling advertising,Gambling,Compliance & platform policy,Advertiser / media buyer,High,20,,,,,,,ahrefs_mt_gambling,yes,
facebook gambling ads policy,Gambling,Compliance & platform policy,Advertiser / media buyer,High,20,,,,,,,ahrefs_mt_gambling,yes,
gambling advertising examples,Gambling,Ad examples & creatives,Advertiser / media buyer,High,20,,,,10,/post/gambling-advertising,GSC 28d,ahrefs_mt_gambling,yes,
casino marketing consulting,Casino,Agency-intent capture,Advertiser / media buyer,High,20,,,41,,,,ahrefs_mt_casino,yes,
google ads casino policy,Casino,Compliance & platform policy,Advertiser / media buyer,High,20,,,,,,,ahrefs_mt_casino,yes,
casino ads examples,Casino,Ad examples & creatives,Advertiser / media buyer,High,20,,,,,,,ahrefs_mt_casino,yes,
marketing agency for sports betting,Betting,Agency-intent capture,Advertiser / media buyer,High,20,,,,,,,ahrefs_mt_betting,yes,
sportsbook digital marketing agency,Betting,Agency-intent capture,Advertiser / media buyer,High,20,,,,,,,ahrefs_mt_betting,yes,
igaming event marketing agency,iGaming,Agency-intent capture,Advertiser / media buyer,High,10,,,,,,,ahrefs_mt_igaming,yes,
gambling advertising rules,Gambling,Compliance & platform policy,Advertiser / media buyer,High,10,,,,,,,ahrefs_mt_gambling,yes,
guide to compliant gambling advertising,Gambling,Compliance & platform policy,Advertiser / media buyer,High,10,,,,,,,ahrefs_mt_gambling,yes,
google ads gambling certification apply,Gambling,Compliance & platform policy,Advertiser / media buyer,High,10,,,,,,,ahrefs_mt_gambling,yes,
google ads gambling license,Gambling,Compliance & platform policy,Advertiser / media buyer,High,10,,,,,,,ahrefs_mt_gambling,yes,
gambling ads examples,Gambling,Ad examples & creatives,Advertiser / media buyer,High,10,,,,,,,ahrefs_mt_gambling,yes,
microsoft advertising gambling policy,Gambling,Compliance & platform policy,Advertiser / media buyer,High,10,,,,,,,ahrefs_mt_gambling,yes,
taboola advertising policy gambling,Gambling,Compliance & platform policy,Advertiser / media buyer,High,10,,,,,,,ahrefs_mt_gambling,yes,
google ads online gambling allowed countries,Gambling,Compliance & platform policy,Advertiser / media buyer,High,10,,,,,,,ahrefs_mt_gambling,yes,
crypto casino marketing agency,Casino,Agency-intent capture,Advertiser / media buyer,High,10,,,24,,,,ahrefs_mt_casino,yes,
social casino certificate google ads,Casino,Compliance & platform policy,Advertiser / media buyer,High,10,,,,,,,ahrefs_mt_casino,yes,
creative casino ads,Casino,Ad examples & creatives,Advertiser / media buyer,High,10,,,,,,,ahrefs_mt_casino,yes,
sportsbook marketing agency,Betting,Agency-intent capture,Advertiser / media buyer,High,10,,,,,,,ahrefs_mt_betting,yes,
betting email marketing services,Betting,Agency-intent capture,Advertiser / media buyer,High,10,,,,,,,ahrefs_mt_betting,yes,
sportsbook marketing,Betting,Marketing strategy & guides,Operator,Medium,70,6600,21.85,38,,,,"ahrefs_mt_betting, dfs_googleads",yes,
best casino affiliate programs,Casino,Affiliate programs & marketing,Affiliate (media buyer),Medium,3100,,4.34,67,,,,ahrefs_comp_richads,yes,
igaming marketing,iGaming,Marketing strategy & guides,Operator,Medium,700,70,12.25,15,,,,"ahrefs_comp_richads, ahrefs_mt_igaming, dfs_googleads",yes,
igaming seo,iGaming,Marketing strategy & guides,Operator,Medium,,390,7.69,,,,,dfs_googleads,yes,
casino marketing,Casino,Marketing strategy & guides,Operator,Medium,350,,,47,18,/post/casino-marketing-strategies,GSC 28d,ahrefs_mt_casino,yes,
how to start a online casino business,Casino,Operator setup,Operator,Medium,350,,1.43,56,,,,ahrefs_comp_richads,yes,
igaming affiliate marketing,iGaming,Affiliate programs & marketing,Affiliate (media buyer),Medium,300,70,16.39,20,,,,"ahrefs_comp_richads, ahrefs_mt_igaming, dfs_googleads",yes,
igaming digital marketing,iGaming,Marketing strategy & guides,Operator,Medium,300,,,21,,,,"ahrefs_comp_hilltopads, ahrefs_mt_igaming",yes,
casino affiliate program,Casino,Affiliate programs & marketing,Affiliate (media buyer),Medium,300,,3.5,61,26,/post/casino-affiliate-marketing,DFS index,ahrefs_mt_casino,yes,
how to start an online casino,Casino,Operator setup,Operator,Medium,300,,10.62,56,,,,ahrefs_comp_richads,yes,
casino affiliate programs,Casino,Affiliate programs & marketing,Affiliate (media buyer),Medium,300,,0.09,66,16,/post/casino-affiliate-marketing,GSC 28d,ahrefs_comp_richads,yes,
igaming content marketing,iGaming,Marketing strategy & guides,Operator,Medium,200,,,1,,,,ahrefs_mt_igaming,yes,
gambling affiliate program,Gambling,Affiliate programs & marketing,Affiliate (media buyer),Medium,200,,,65,,,,"ahrefs_comp_richads, ahrefs_mt_gambling",yes,
online gambling affiliate marketing,Gambling,Affiliate programs & marketing,Affiliate (media buyer),Medium,200,,,51,,,,"ahrefs_comp_richads, ahrefs_mt_gambling",yes,
casino marketing ideas,Casino,Marketing strategy & guides,Operator,Medium,200,,,55,,,,ahrefs_mt_casino,yes,
affiliate casino program,Casino,Affiliate programs & marketing,Affiliate (media buyer),Medium,200,,3.5,68,,,,ahrefs_mt_casino,yes,
sports betting marketing strategies,Betting,Marketing strategy & guides,Operator,Medium,200,,,56,,,,ahrefs_mt_betting,yes,
online sportsbook marketing,Betting,Marketing strategy & guides,Operator,Medium,200,,,16,,,,ahrefs_mt_betting,yes,
casino affiliate programme,Casino,Affiliate programs & marketing,Affiliate (media buyer),Medium,200,,,58,,,,ahrefs_comp_richads,yes,
affiliate casino programs,Casino,Affiliate programs & marketing,Affiliate (media buyer),Medium,200,,,68,,,,ahrefs_comp_richads,yes,
gambling affiliate programs,Gambling,Affiliate programs & marketing,Affiliate (media buyer),Medium,200,,,52,,,,ahrefs_comp_richads,yes,
casino affiliate,Casino,Affiliate programs & marketing,Affiliate (media buyer),Medium,200,,4.75,68,,,,ahrefs_comp_richads,yes,
online casino affiliates,Casino,Affiliate programs & marketing,Affiliate (media buyer),Medium,200,,4.06,64,,,,ahrefs_comp_richads,yes,
igaming affiliate program,iGaming,Affiliate programs & marketing,Affiliate (media buyer),Medium,150,,1.5,41,,,,ahrefs_mt_igaming,yes,
igaming crm marketing tools,iGaming,Marketing strategy & guides,Operator,Medium,150,,,,,,,ahrefs_mt_igaming,yes,
igaming affiliate,iGaming,Affiliate programs & marketing,Affiliate (media buyer),Medium,150,,1.03,21,,,,"ahrefs_comp_richads, ahrefs_mt_igaming",yes,
igaming affiliate programs,iGaming,Affiliate programs & marketing,Affiliate (media buyer),Medium,150,,1.5,54,,,,ahrefs_mt_igaming,yes,
affiliate igaming,iGaming,Affiliate programs & marketing,Affiliate (media buyer),Medium,150,,,,,,,ahrefs_mt_igaming,yes,
igaming affiliate news,iGaming,Affiliate programs & marketing,Affiliate (media buyer),Medium,150,,,12,,,,ahrefs_mt_igaming,yes,
igaming affiliate network,iGaming,Affiliate programs & marketing,Affiliate (media buyer),Medium,150,,,,,,,ahrefs_mt_igaming,yes,
igaming affiliate list,iGaming,Affiliate programs & marketing,Affiliate (media buyer),Medium,150,,,,,,,ahrefs_mt_igaming,yes,
affiliate marketing igaming,iGaming,Affiliate programs & marketing,Affiliate (media buyer),Medium,150,,,20,,,,ahrefs_mt_igaming,yes,
gambling marketing,Gambling,Marketing strategy & guides,Operator,Medium,150,,,45,,,,ahrefs_mt_gambling,yes,
gambling affiliate marketing,Gambling,Affiliate programs & marketing,Affiliate (media buyer),Medium,150,,,51,,,,"ahrefs_comp_richads, ahrefs_mt_gambling",yes,
affiliate marketing gambling,Gambling,Affiliate programs & marketing,Affiliate (media buyer),Medium,150,,,48,13,/post/casino-affiliate-marketing,GSC 28d,ahrefs_mt_gambling,yes,
casino digital marketing,Casino,Marketing strategy & guides,Operator,Medium,150,30,,47,26,/post/casino-marketing-strategies,GSC 28d,"ahrefs_mt_casino, dfs_googleads",yes,
online casino affiliate marketing,Casino,Affiliate programs & marketing,Affiliate (media buyer),Medium,150,,4.0,44,,,,"ahrefs_comp_richads, ahrefs_mt_casino",yes,
online casino marketing strategy,Casino,Marketing strategy & guides,Operator,Medium,150,,,55,,,,ahrefs_mt_casino,yes,
casino marketing plan,Casino,Marketing strategy & guides,Operator,Medium,150,,,60,,,,ahrefs_mt_casino,yes,
casino affiliate marketing,Casino,Affiliate programs & marketing,Affiliate (media buyer),Medium,150,40,,41,20,/post/casino-affiliate-marketing,GSC 28d,"ahrefs_comp_richads, ahrefs_mt_casino, dfs_googleads",yes,
online casino marketing,Casino,Marketing strategy & guides,Operator,Medium,150,,,57,,,,ahrefs_mt_casino,yes,
sports betting marketing,Betting,Marketing strategy & guides,Operator,Medium,150,,,45,,,,ahrefs_mt_betting,yes,
betting affiliate program,Betting,Affiliate programs & marketing,Affiliate (media buyer),Medium,150,,,53,,,,"ahrefs_comp_richads, ahrefs_mt_betting",yes,
best gambling affiliate programs,Gambling,Affiliate programs & marketing,Affiliate (media buyer),Medium,150,,,47,,,,ahrefs_comp_richads,yes,
sports betting affiliate programs,Betting,Affiliate programs & marketing,Affiliate (media buyer),Medium,150,,6.98,54,,,,ahrefs_comp_richads,yes,
casino affiliates,Casino,Affiliate programs & marketing,Affiliate (media buyer),Medium,150,,5.85,56,,,,ahrefs_comp_richads,yes,
betting affiliate,Betting,Affiliate programs & marketing,Affiliate (media buyer),Medium,150,,,0,,,,ahrefs_comp_richads,yes,
personalized marketing for igaming,iGaming,Marketing strategy & guides,Operator,Medium,100,,,,,,,ahrefs_mt_igaming,yes,
crm marketing for igaming,iGaming,Marketing strategy & guides,Operator,Medium,100,,,,,,,ahrefs_mt_igaming,yes,
online casino affiliate program,Casino,Affiliate programs & marketing,Affiliate (media buyer),Medium,100,,7.0,67,,,,ahrefs_mt_casino,yes,
affiliate program casino,Casino,Affiliate programs & marketing,Affiliate (media buyer),Medium,100,,2.5,60,13,/post/casino-affiliate-marketing,DFS index,ahrefs_mt_casino,yes,
casino marketing software,Casino,Marketing strategy & guides,Operator,Medium,100,,,71,,,,ahrefs_mt_casino,yes,
best casino affiliate program,Casino,Affiliate programs & marketing,Affiliate (media buyer),Medium,100,,,55,,,,"ahrefs_comp_richads, ahrefs_mt_casino",yes,
sports betting affiliate marketing,Betting,Affiliate programs & marketing,Affiliate (media buyer),Medium,100,,,47,,,,"ahrefs_comp_richads, ahrefs_mt_betting",yes,
sports betting affiliate program,Betting,Affiliate programs & marketing,Affiliate (media buyer),Medium,100,,7.0,51,,,,ahrefs_mt_betting,yes,
how to start an online gambling business,Gambling,Operator setup,Operator,Medium,100,,1.58,48,,,,ahrefs_comp_richads,yes,
gambling affiliate,Gambling,Affiliate programs & marketing,Affiliate (media buyer),Medium,100,,8.19,53,,,,ahrefs_comp_richads,yes,
affiliate gambling,Gambling,Affiliate programs & marketing,Affiliate (media buyer),Medium,100,,,60,,,,ahrefs_comp_richads,yes,
sportsbook affiliate program,Betting,Affiliate programs & marketing,Affiliate (media buyer),Medium,100,,2.24,34,,,,ahrefs_comp_richads,yes,
sportsbook affiliate programs,Betting,Affiliate programs & marketing,Affiliate (media buyer),Medium,100,,1.17,42,,,,ahrefs_comp_richads,yes,
igaming affiliate marketing programs,iGaming,Affiliate programs & marketing,Affiliate (media buyer),Medium,90,,,,,,,ahrefs_mt_igaming,yes,
marketing automation igaming,iGaming,Marketing strategy & guides,Operator,Medium,90,,,,,,,ahrefs_mt_igaming,yes,
affiliate marketing casino,Casino,Affiliate programs & marketing,Affiliate (media buyer),Medium,90,,,,,,,ahrefs_mt_casino,yes,
top casino affiliate program,Casino,Affiliate programs & marketing,Affiliate (media buyer),Medium,90,,,,,,,ahrefs_mt_casino,yes,
seo casino marketing,Casino,Marketing strategy & guides,Operator,Medium,90,,,65,,,,ahrefs_mt_casino,yes,
sports betting affiliates,Betting,Affiliate programs & marketing,Affiliate (media buyer),Medium,90,,5.7,53,,,,ahrefs_comp_richads,yes,
marketing igaming,iGaming,Marketing strategy & guides,Operator,Medium,80,,,,,,,ahrefs_mt_igaming,yes,
affiliate gambling program,Gambling,Affiliate programs & marketing,Affiliate (media buyer),Medium,80,,,,,,,ahrefs_mt_gambling,yes,
chumba casino affiliate program,Casino,Affiliate programs & marketing,Affiliate (media buyer),Medium,80,,2.5,60,,,,ahrefs_mt_casino,no,brand-navigational
casino marketing strategy,Casino,Marketing strategy & guides,Operator,Medium,80,,,59,,,,ahrefs_mt_casino,yes,
affiliate marketing sports betting,Betting,Affiliate programs & marketing,Affiliate (media buyer),Medium,80,,,43,,,,ahrefs_mt_betting,yes,
online casino affiliate,Casino,Affiliate programs & marketing,Affiliate (media buyer),Medium,80,,3.85,66,,,,ahrefs_comp_richads,yes,
online casino affiliate programs,Casino,Affiliate programs & marketing,Affiliate (media buyer),Medium,80,,4.02,61,,,,ahrefs_comp_richads,yes,
online gambling affiliate,Gambling,Affiliate programs & marketing,Affiliate (media buyer),Medium,80,,,35,,,,ahrefs_comp_richads,yes,
igaming marketing automation,iGaming,Marketing strategy & guides,Operator,Medium,70,,,,,,,ahrefs_mt_igaming,yes,
online betting marketing strategy,Betting,Marketing strategy & guides,Operator,Medium,70,,,59,,,,ahrefs_mt_betting,yes,
sportsbook digital marketing,Betting,Marketing strategy & guides,Operator,Medium,70,,,5,,,,ahrefs_mt_betting,yes,
best igaming affiliate programs,iGaming,Affiliate programs & marketing,Affiliate (media buyer),Medium,60,,,58,,,,ahrefs_mt_igaming,yes,
igaming affiliate marketing agency,iGaming,Affiliate programs & marketing,Affiliate (media buyer),Medium,60,,,,,,,ahrefs_mt_igaming,yes,
igaming marketing software,iGaming,Marketing strategy & guides,Operator,Medium,60,,,,,,,ahrefs_mt_igaming,yes,
best gambling affiliate program,Gambling,Affiliate programs & marketing,Affiliate (media buyer),Medium,60,,,,,,,ahrefs_mt_gambling,yes,
affiliate program gambling,Gambling,Affiliate programs & marketing,Affiliate (media buyer),Medium,60,,,,,,,ahrefs_mt_gambling,yes,
crypto casino affiliate program,Casino,Affiliate programs & marketing,Affiliate (media buyer),Medium,60,,,,13,/post/casino-affiliate-marketing,GSC 28d,ahrefs_mt_casino,yes,
sport betting affiliate program,Betting,Affiliate programs & marketing,Affiliate (media buyer),Medium,60,,3.5,,,,,ahrefs_mt_betting,yes,
online gambling marketing,Gambling,Marketing strategy & guides,Operator,Medium,50,,,56,,,,ahrefs_mt_gambling,yes,
online casino digital marketing,Casino,Marketing strategy & guides,Operator,Medium,50,,,,,,,ahrefs_mt_casino,yes,
live casino affiliate program,Casino,Affiliate programs & marketing,Affiliate (media buyer),Medium,50,,,,,,,ahrefs_mt_casino,no,brand-navigational
affiliate program online casino,Casino,Affiliate programs & marketing,Affiliate (media buyer),Medium,50,,,,,,,ahrefs_mt_casino,yes,
casino marketing strategies,Casino,Marketing strategy & guides,Operator,Medium,30,50,,,18,/post/casino-marketing-strategies,GSC 28d,"ahrefs_mt_casino, dfs_googleads",yes,
igaming affiliate companies,iGaming,Affiliate programs & marketing,Affiliate (media buyer),Medium,40,,,,,,,ahrefs_mt_igaming,yes,
igaming affiliate networks,iGaming,Affiliate programs & marketing,Affiliate (media buyer),Medium,40,,,61,,,,ahrefs_mt_igaming,yes,
igaming marketing strategies,iGaming,Marketing strategy & guides,Operator,Medium,40,,,0,,,,ahrefs_mt_igaming,yes,
gambling influencer marketing,Gambling,Marketing strategy & guides,Operator,Medium,40,,,,,,,ahrefs_mt_gambling,yes,
email marketing for casino and gambling industry,Casino,Marketing strategy & guides,Operator,Medium,40,,,42,,,,ahrefs_mt_gambling,yes,
revshare gambling affiliate program,Gambling,Affiliate programs & marketing,Affiliate (media buyer),Medium,40,,,25,,,,ahrefs_mt_gambling,yes,
affiliate gambling marketing,Gambling,Affiliate programs & marketing,Affiliate (media buyer),Medium,40,,,,,,,ahrefs_mt_gambling,yes,
bitcoin casino affiliate program,Casino,Affiliate programs & marketing,Affiliate (media buyer),Medium,40,,,,,,,ahrefs_mt_casino,yes,
online casino marketing strategies,Casino,Marketing strategy & guides,Operator,Medium,40,,,,,,,ahrefs_mt_casino,yes,
casino loyalty marketing,Casino,Marketing strategy & guides,Operator,Medium,40,,,,,,,ahrefs_mt_casino,no,land-based/local
performance marketing casino,Casino,Marketing strategy & guides,Operator,Medium,40,,,,,,,ahrefs_mt_casino,yes,
best online casino affiliate program,Casino,Affiliate programs & marketing,Affiliate (media buyer),Medium,40,,1.9,,,,,ahrefs_mt_casino,yes,
casino player acquisition,Casino,Marketing strategy & guides,Operator,Medium,40,,,,,,,ahrefs_mt_casino,yes,
what is igaming affiliate marketing,iGaming,Affiliate programs & marketing,Affiliate (media buyer),Medium,30,,,21,,,,ahrefs_mt_igaming,yes,
igaming influencer marketing,iGaming,Marketing strategy & guides,Operator,Medium,30,,,0,,,,ahrefs_mt_igaming,yes,
igaming marketing guide,iGaming,Marketing strategy & guides,Operator,Medium,30,,,0,,,,ahrefs_mt_igaming,yes,
igaming affiliate roas benchmarks,iGaming,Affiliate programs & marketing,Affiliate (media buyer),Medium,30,,,,,,,ahrefs_mt_igaming,yes,
igaming affiliate marketing consulting,iGaming,Affiliate programs & marketing,Affiliate (media buyer),Medium,30,,,,,,,ahrefs_mt_igaming,yes,
affiliate marketing for gambling,Gambling,Affiliate programs & marketing,Affiliate (media buyer),Medium,30,,,,,,,ahrefs_mt_gambling,yes,
email marketing for gambling,Gambling,Marketing strategy & guides,Operator,Medium,30,,,54,,,,ahrefs_mt_gambling,yes,
social media marketing for gambling,Gambling,Marketing strategy & guides,Operator,Medium,30,,,,,,,ahrefs_mt_gambling,yes,
crypto casino marketing,Casino,Marketing strategy & guides,Operator,Medium,30,,,,,,,ahrefs_mt_casino,yes,
casino affiliate advertising,Casino,Affiliate programs & marketing,Affiliate (media buyer),Medium,30,,,49,,,,ahrefs_mt_casino,yes,
casino influencer marketing,Casino,Marketing strategy & guides,Operator,Medium,30,,,,,,,ahrefs_mt_casino,yes,
bitstarz casino affiliate program,Casino,Affiliate programs & marketing,Affiliate (media buyer),Medium,30,,,0,,,,ahrefs_mt_casino,no,brand-navigational
sweepstakes casino marketing,Casino,Marketing strategy & guides,Operator,Medium,30,,,24,,,,ahrefs_mt_casino,yes,
betting marketing,Betting,Marketing strategy & guides,Operator,Medium,30,,,50,,,,ahrefs_mt_betting,yes,
betting digital marketing,Betting,Marketing strategy & guides,Operator,Medium,30,,,,,,,ahrefs_mt_betting,yes,
revshare for igaming affiliate programs,iGaming,Affiliate programs & marketing,Affiliate (media buyer),Medium,20,,,,,,,ahrefs_mt_igaming,yes,
igaming social media marketing,iGaming,Marketing strategy & guides,Operator,Medium,20,,,0,,,,ahrefs_mt_igaming,yes,
sports gambling affiliate marketing,Gambling,Affiliate programs & marketing,Affiliate (media buyer),Medium,20,,,,,,,ahrefs_mt_gambling,yes,
online gambling marketing solution,Gambling,Marketing strategy & guides,Operator,Medium,20,,,,,,,ahrefs_mt_gambling,yes,
gambling digital marketing,Gambling,Marketing strategy & guides,Operator,Medium,20,,,,,,,ahrefs_mt_gambling,yes,
casino affiliate marketing tools,Casino,Affiliate programs & marketing,Affiliate (media buyer),Medium,20,,,,,,,ahrefs_mt_casino,yes,
stake casino affiliate program,Casino,Affiliate programs & marketing,Affiliate (media buyer),Medium,20,,,,,,,ahrefs_mt_casino,no,brand-navigational
sweepstakes casino affiliate program,Casino,Affiliate programs & marketing,Affiliate (media buyer),Medium,20,,,,,,,ahrefs_mt_casino,yes,
best practices for casino player acquisition,Casino,Marketing strategy & guides,Operator,Medium,20,,,36,,,,ahrefs_mt_casino,yes,
casino email marketing,Casino,Marketing strategy & guides,Operator,Medium,20,,,,,,,ahrefs_mt_casino,yes,
casino content marketing,Casino,Marketing strategy & guides,Operator,Medium,20,,,,,,,ahrefs_mt_casino,yes,
casino pay per click marketing,Casino,Marketing strategy & guides,Operator,Medium,20,,,,,,,ahrefs_mt_casino,yes,
social media marketing for betting,Betting,Marketing strategy & guides,Operator,Medium,20,,,,,,,ahrefs_mt_betting,yes,
online betting affiliate program,Betting,Affiliate programs & marketing,Affiliate (media buyer),Medium,20,,1.6,,,,,ahrefs_mt_betting,yes,
esports betting marketing,Betting,Marketing strategy & guides,Operator,Medium,20,,,,,,,ahrefs_mt_betting,yes,
igaming ppc,iGaming,Marketing strategy & guides,Operator,Medium,,20,,,,,,dfs_googleads,yes,
igaming affiliate cpa rates,iGaming,Affiliate programs & marketing,Affiliate (media buyer),Medium,10,,,,,,,ahrefs_mt_igaming,yes,
igaming affiliate revenue share commission rates,iGaming,Affiliate programs & marketing,Affiliate (media buyer),Medium,10,,,,,,,ahrefs_mt_igaming,yes,
best igaming affiliate programs 2026,iGaming,Affiliate programs & marketing,Affiliate (media buyer),Medium,10,,,,,,,ahrefs_mt_igaming,yes,
igaming affiliate fraud,iGaming,Affiliate programs & marketing,Affiliate (media buyer),Medium,10,,,4,,,,ahrefs_mt_igaming,yes,
performance marketing igaming,iGaming,Marketing strategy & guides,Operator,Medium,10,,,6,,,,ahrefs_mt_igaming,yes,
igaming affiliate cpa per ftd range,iGaming,Affiliate programs & marketing,Affiliate (media buyer),Medium,10,,,,,,,ahrefs_mt_igaming,yes,
igaming affiliate networks list,iGaming,Affiliate programs & marketing,Affiliate (media buyer),Medium,10,,,,,,,ahrefs_mt_igaming,yes,
igaming marketing crm,iGaming,Marketing strategy & guides,Operator,Medium,10,,,,,,,ahrefs_mt_igaming,yes,
igaming marketing attribution platform,iGaming,Marketing strategy & guides,Operator,Medium,10,,,,,,,ahrefs_mt_igaming,yes,
online gambling affiliate program,Gambling,Affiliate programs & marketing,Affiliate (media buyer),Medium,10,,1.6,,,,,ahrefs_mt_gambling,yes,
online gambling marketing strategy,Gambling,Marketing strategy & guides,Operator,Medium,10,,,,,,,ahrefs_mt_gambling,yes,
casino affiliate program cpa,Casino,Affiliate programs & marketing,Affiliate (media buyer),Medium,10,,,,,,,ahrefs_mt_casino,yes,
crypto casino marketing strategies,Casino,Marketing strategy & guides,Operator,Medium,10,,,,,,,ahrefs_mt_casino,yes,
guide to casino affiliate marketing,Casino,Affiliate programs & marketing,Affiliate (media buyer),Medium,10,,,,,,,ahrefs_mt_casino,yes,
online casino marketing funnel,Casino,Marketing strategy & guides,Operator,Medium,10,,,0,,,,ahrefs_mt_casino,yes,
social casino affiliate program,Casino,Affiliate programs & marketing,Affiliate (media buyer),Medium,10,,,,,,,ahrefs_mt_casino,yes,
casino online marketing,Casino,Marketing strategy & guides,Operator,Medium,10,,,,,,,ahrefs_mt_casino,yes,
888 casino affiliate program,Casino,Affiliate programs & marketing,Affiliate (media buyer),Medium,10,,,,,,,ahrefs_mt_casino,no,brand-navigational
casino sms marketing,Casino,Marketing strategy & guides,Operator,Medium,10,,,,,,,ahrefs_mt_casino,yes,
betting affiliate marketing,Betting,Affiliate programs & marketing,Affiliate (media buyer),Medium,10,,,57,,,,ahrefs_mt_betting,yes,
digital marketing for betting sites,Betting,Marketing strategy & guides,Operator,Medium,10,,,,,,,ahrefs_mt_betting,yes,
sports betting email marketing,Betting,Marketing strategy & guides,Operator,Medium,10,,,,,,,ahrefs_mt_betting,yes,
igaming affiliate marketing platform,iGaming,Affiliate B2B software,Operator (B2B tooling),Low,600,,,47,,,,"ahrefs_comp_richads, ahrefs_mt_igaming",yes,
igaming affiliate software,iGaming,Affiliate B2B software,Operator (B2B tooling),Low,450,,8.0,48,,,,"ahrefs_comp_richads, ahrefs_mt_igaming",yes,
igaming affiliate marketing software,iGaming,Affiliate B2B software,Operator (B2B tooling),Low,350,,,50,,,,ahrefs_mt_igaming,yes,
igaming affiliate platform,iGaming,Affiliate B2B software,Operator (B2B tooling),Low,350,,,51,,,,"ahrefs_comp_richads, ahrefs_mt_igaming",yes,
igaming affiliate marketing system,iGaming,Affiliate B2B software,Operator (B2B tooling),Low,300,,,35,,,,ahrefs_mt_igaming,yes,
igaming affiliate system,iGaming,Affiliate B2B software,Operator (B2B tooling),Low,250,,,51,,,,ahrefs_mt_igaming,yes,
igaming affiliate management software,iGaming,Affiliate B2B software,Operator (B2B tooling),Low,250,,,29,,,,ahrefs_mt_igaming,yes,
igaming affiliate management service,iGaming,Affiliate B2B software,Operator (B2B tooling),Low,200,,,38,,,,ahrefs_mt_igaming,yes,
casino affiliate marketing software,Casino,Affiliate B2B software,Operator (B2B tooling),Low,200,,,62,,,,ahrefs_mt_casino,yes,
casino affiliate marketing system,Casino,Affiliate B2B software,Operator (B2B tooling),Low,200,,,48,,,,ahrefs_mt_casino,yes,
igaming meaning,iGaming,Vertical general,Operator,Low,200,,,51,,,,ahrefs_comp_richads,yes,
best igaming affiliate software,iGaming,Affiliate B2B software,Operator (B2B tooling),Low,150,,,9,,,,ahrefs_mt_igaming,yes,
affiliate marketing software for igaming,iGaming,Affiliate B2B software,Operator (B2B tooling),Low,150,,,39,,,,ahrefs_mt_igaming,yes,
gambling affiliate marketing platform,Gambling,Affiliate B2B software,Operator (B2B tooling),Low,150,,,60,,,,ahrefs_mt_gambling,yes,
gambling affiliate marketing software,Gambling,Affiliate B2B software,Operator (B2B tooling),Low,150,,,61,,,,ahrefs_mt_gambling,yes,
casino affiliate marketing platform,Casino,Affiliate B2B software,Operator (B2B tooling),Low,150,,,66,,,,ahrefs_mt_casino,yes,
igaming definition,iGaming,Vertical general,Operator,Low,150,,,61,,,,ahrefs_comp_richads,yes,
igaming affiliate program software,iGaming,Affiliate B2B software,Operator (B2B tooling),Low,100,,,23,,,,ahrefs_mt_igaming,yes,
gambling affiliate marketing system,Gambling,Affiliate B2B software,Operator (B2B tooling),Low,100,,,59,,,,ahrefs_mt_gambling,yes,
affiliate marketing software for casino,Casino,Affiliate B2B software,Operator (B2B tooling),Low,100,,,55,,,,ahrefs_mt_casino,yes,
casino affiliate system,Casino,Affiliate B2B software,Operator (B2B tooling),Low,100,,,62,,,,ahrefs_comp_richads,yes,
affiliate tracking software for igaming,iGaming,Affiliate B2B software,Operator (B2B tooling),Low,90,,,24,,,,ahrefs_mt_igaming,yes,
igaming affiliate management,iGaming,Affiliate B2B software,Operator (B2B tooling),Low,90,,,37,,,,ahrefs_mt_igaming,yes,
igaming trends,iGaming,Vertical general,Operator,Low,90,,,7,,,,ahrefs_comp_richads,yes,
casino ad,Casino,Vertical general,Operator,Low,90,,7.46,21,18,/post/casino-advertising-examples,DFS index,ahrefs_comp_richads,yes,
white label igaming,iGaming,Affiliate B2B software,Operator (B2B tooling),Low,70,,,,,,,ahrefs_comp_richads,yes,
igaming affiliate management platform,iGaming,Affiliate B2B software,Operator (B2B tooling),Low,60,,,39,,,,ahrefs_mt_igaming,yes,
best casino affiliate marketing software,Casino,Affiliate B2B software,Operator (B2B tooling),Low,60,,,,,,,ahrefs_mt_casino,yes,
igaming affiliate management system,iGaming,Affiliate B2B software,Operator (B2B tooling),Low,50,,,,,,,ahrefs_mt_igaming,yes,
casino affiliate program software,Casino,Affiliate B2B software,Operator (B2B tooling),Low,50,,,,,,,ahrefs_mt_casino,yes,
betting affiliate marketing software,Betting,Affiliate B2B software,Operator (B2B tooling),Low,40,,,54,,,,ahrefs_mt_betting,yes,
affiliate marketing software for sportsbook,Betting,Affiliate B2B software,Operator (B2B tooling),Low,40,,,1,,,,ahrefs_mt_betting,yes,
affiliate marketing software for betting,Betting,Affiliate B2B software,Operator (B2B tooling),Low,40,,,45,,,,ahrefs_mt_betting,yes,
igaming affiliate management agency,iGaming,Affiliate B2B software,Operator (B2B tooling),Low,30,,,44,,,,ahrefs_mt_igaming,yes,
affiliate marketing software for gambling,Gambling,Affiliate B2B software,Operator (B2B tooling),Low,30,,,58,,,,ahrefs_mt_gambling,yes,
betting affiliate marketing system,Betting,Affiliate B2B software,Operator (B2B tooling),Low,30,,,46,,,,ahrefs_mt_betting,yes,
white label casino affiliate program,Casino,Affiliate B2B software,Operator (B2B tooling),Low,20,,,61,,,,ahrefs_mt_casino,yes,
white label igaming affiliate platform,iGaming,Affiliate B2B software,Operator (B2B tooling),Low,10,,,11,,,,ahrefs_mt_igaming,yes,
igaming affiliate tracking platforms,iGaming,Affiliate B2B software,Operator (B2B tooling),Low,10,,,,,,,ahrefs_mt_igaming,yes,
