ig_rank,pillar,entry,keywords,volume,fruits,bca_pos,fit,novelty_pct,status,target_url,members
1,Affiliate Economy,online gambling affiliate marketing,34,3210,62,13,Core,100,existing,/post/casino-affiliate-marketing,online gambling affiliate marketing | gambling affiliate programs | gambling affiliate marketing | affiliate marketing gambling | online casino affiliate marketing | casino affiliate marketing | betting affiliate program | sports betting affiliate programs | betting affiliate | gambling affiliate marketing platform | casino affiliate marketing platform | sports betting affiliate marketing | sports betting affiliate program | gambling affiliate | affiliate gambling | sportsbook affiliate program | sportsbook affiliate programs | affiliate marketing casino | sports betting affiliates | affiliate gambling program | affiliate marketing sports betting | online casino affiliate | online gambling affiliate | affiliate program gambling | sport betting affiliate program | affiliate gambling marketing | betting affiliate marketing software | affiliate marketing for gambling | casino affiliate advertising | betting affiliate marketing system | sports betting affiliate traffic | sports gambling affiliate marketing | online betting affiliate program | betting affiliate marketing
2,Growth & Marketing Strategy,sportsbook marketing,6,7350,16,,High,100,new,/post/sportsbook-marketing,sportsbook marketing | sportsbook marketing services | sports betting marketing strategies | online sportsbook marketing | sportsbook digital marketing | sportsbook marketing solutions
3,Affiliate Economy,best casino affiliate programs,24,6010,56,13,Medium,55,existing,/post/casino-affiliate-marketing,best casino affiliate programs | casino affiliate program | casino affiliate programs | gambling affiliate program | affiliate casino program | affiliate casino programs | casino affiliate | online casino affiliates | best gambling affiliate programs | casino affiliates | gambling affiliate marketing software | online casino affiliate program | affiliate program casino | best casino affiliate program | casino affiliate system | top casino affiliate program | online casino affiliate programs | best igaming affiliate programs | best gambling affiliate program | best casino affiliate marketing software | affiliate program online casino | best online casino affiliate program | online gambling affiliate program | social casino affiliate program
4,Vertical Advertising Playbooks,gambling ads,6,1510,22,14,Core,100,existing,/post/igaming-ad-examples,gambling ads | casino ads | online casino ads | betting ads | ads for gambling | casino game ads
5,Operator & Industry Resources,igaming affiliate marketing platform,27,4840,35,,Medium,75,new,/post/igaming-affiliate-marketing-platform,igaming affiliate marketing platform | igaming affiliate software | igaming affiliate marketing software | igaming affiliate platform | igaming affiliate marketing | igaming affiliate marketing system | igaming affiliate system | igaming affiliate management software | igaming affiliate management service | igaming affiliate program | igaming affiliate | igaming affiliate programs | affiliate igaming | igaming affiliate news | igaming affiliate network | affiliate marketing igaming | affiliate marketing software for igaming | igaming affiliate program software | igaming affiliate marketing programs | affiliate tracking software for igaming | igaming affiliate management | igaming affiliate marketing agency | igaming affiliate management platform | what is igaming affiliate marketing | igaming affiliate marketing consulting | igaming affiliate management agency | igaming affiliate tracking platforms
6,Growth & Marketing Strategy,igaming marketing agency,13,1520,33,14,High,94,existing,/post/igaming-marketing-agency,igaming marketing agency | igaming digital marketing | igaming content marketing | igaming digital marketing agency | igaming digital agency | igaming agency | igaming marketing services | igaming marketing company | igaming growth marketing agency | igaming content marketing agency | igaming marketing agencies | igaming digital marketing services | igaming event marketing agency
7,Vertical Advertising Playbooks,sports betting advertising,9,1640,18,11,Core,53,existing,/post/igaming-ad-examples,sports betting advertising | sports betting ads | sports gambling ads | sports gambling advertising | betting advertising | sportsbook advertising | online betting ads | advertising sports betting | sports betting ads examples
8,Growth & Marketing Strategy,casino marketing,8,1190,13,18,Core,93,existing,/post/casino-marketing-strategies,casino marketing | casino advertising strategies | casino digital marketing | online casino marketing strategy | casino marketing plan | online casino marketing | casino advertising channels | casino content marketing
9,Compliance & Ad Policies,google ads gambling policy news,15,710,26,7,Core,90,existing,/post/gambling-ads-google-policy,google ads gambling policy news | google ads gambling | google ads gambling policy | google ads gambling policy update | can you advertise gambling on google | google ads gambling and games policy | google ads gambling certification | social casino google ads | online gambling certificate google ads | google ads casino policy | casino google ads | google ads gambling certification apply | google ads gambling license | google ads online gambling allowed countries | social casino certificate google ads
10,Growth & Marketing Strategy,gambling marketing agency,14,980,25,15,High,68,existing,/post/igaming-marketing-agency,gambling marketing agency | casino marketing agency | casino digital marketing agency | betting company marketing agency | online betting marketing agency | online casino marketing agency | casino advertising agency | online casino digital marketing | gambling digital marketing agency | gambling and casino marketing agencies | casino marketing services | casino marketing consulting | gambling digital marketing | crypto casino marketing agency
11,Vertical Advertising Playbooks,gambling advertising,11,1210,18,42,Core,57,existing,/post/igaming-ad-examples,gambling advertising | online casino advertising | gambling advertising regulations | online gambling ads | advertising for gambling | advertise gambling | gambling digital ads | online gambling advertising | gambling advertising regulations united states | compliant gambling advertising | gambling advertising rules
12,Vertical Advertising Playbooks,casino advertising campaign,11,480,30,10,Core,62,existing,/post/gambling-advertising,casino advertising campaign | casino ad | best casino ads | casino advertising examples | creative gambling ads | best gambling ads | gambling creatives | gambling advertising examples | casino ads examples | gambling ads examples | creative casino ads
13,Growth & Marketing Strategy,igaming seo agency,2,1390,5,,High,60,new,/post/igaming-seo-agency,igaming seo agency | igaming seo
14,"Platform, Ad Network & Traffic",igaming traffic,8,670,10,22,Core,81,existing,/post/top-gambling-ad-networks,igaming traffic | igaming traffic provider | buy gambling traffic | buy igaming traffic | igaming traffic for affiliates | top traffic sources igaming | quality traffic igaming offers | igaming traffic sources
15,Vertical Advertising Playbooks,igaming ads,3,310,4,13,Core,71,existing,/post/igaming-ad-examples,igaming ads | igaming advertising | igaming online advertising
16,Growth & Marketing Strategy,igaming crm marketing solutions,4,410,14,,High,100,new,/post/igaming-crm-marketing-solutions,igaming crm marketing solutions | igaming crm marketing tools | crm marketing for igaming | igaming marketing crm
17,Operator & Industry Resources,how to start a online casino business,3,750,4,,Medium,100,new,/post/how-to-start-a-online-casino-business,how to start a online casino business | how to start an online casino | how to start an online gambling business
18,Vertical Advertising Playbooks,promote online casino,6,400,12,,Core,38,new,/post/promote-online-casino,promote online casino | promote casino | how to promote a casino website | how to promote online casino | how to advertise gambling | how to run ads for betting app
19,"Platform, Ad Network & Traffic",igaming ads networks,5,200,14,4,Core,62,existing,/post/top-gambling-ad-networks,igaming ads networks | best igaming ads networks | gambling ad network | igaming ad network | gambling advertising network
20,Vertical Advertising Playbooks,casino advertising,1,390,4,19,Core,12,existing,/post/casino-advertising-examples,casino advertising
21,Growth & Marketing Strategy,igaming marketing,3,820,10,,Medium,41,new,/post/igaming-marketing,igaming marketing | marketing igaming | igaming marketing strategies
22,"Platform, Ad Network & Traffic",gambling traffic,5,190,7,14,Core,38,existing,/post/top-gambling-ad-networks,gambling traffic | gambling traffic sources | buy casino traffic | betting traffic sources | sports betting traffic sources
23,Vertical Advertising Playbooks,facebook gambling ads,6,100,27,13,Core,50,existing,/post/advertising-online-gambling-on-facebook,facebook gambling ads | advertise gambling pop sources online | casino facebook ads | facebook gambling ads policy | facebook casino ads | casino ads on facebook
24,Growth & Marketing Strategy,casino marketing ideas,4,370,5,18,Medium,33,existing,/post/casino-marketing-strategies,casino marketing ideas | casino marketing strategy | casino marketing strategies | online casino marketing strategies
25,Growth & Marketing Strategy,sports betting marketing agency,5,160,9,16,High,46,existing,/post/igaming-marketing-agency,sports betting marketing agency | betting marketing agency | marketing agency for sports betting | sportsbook digital marketing agency | sportsbook marketing agency
26,Vertical Advertising Playbooks,gambling advertising news,1,200,1,,Core,50,new,/post/gambling-advertising-news,gambling advertising news
27,Growth & Marketing Strategy,seo casino marketing,2,140,6,,High,85,new,/post/seo-casino-marketing,seo casino marketing | casino seo marketing services
28,Growth & Marketing Strategy,email marketing for casino and gambling industry,4,100,11,,High,95,new,/post/email-marketing-for-casino-and-gambling-industry,email marketing for casino and gambling industry | email marketing for gambling | casino email marketing | betting email marketing services
29,Operator & Industry Resources,casino affiliate marketing software,5,400,3,,Medium,26,new,/post/casino-affiliate-marketing-software,casino affiliate marketing software | affiliate marketing software for casino | casino affiliate program software | affiliate marketing software for gambling | casino affiliate marketing tools
30,"Platform, Ad Network & Traffic",betting traffic,2,90,4,,Core,82,new,/post/betting-traffic,betting traffic | sports betting traffic
31,"Platform, Ad Network & Traffic",casino traffic,1,100,3,,Core,57,new,/post/casino-traffic,casino traffic
32,Growth & Marketing Strategy,marketing automation igaming,2,160,6,,Medium,79,new,/post/marketing-automation-igaming,marketing automation igaming | igaming marketing automation
33,Vertical Advertising Playbooks,crypto casino ads,2,60,7,,Core,77,new,/post/crypto-casino-ads,crypto casino ads | crypto casino marketing
34,Operator & Industry Resources,igaming meaning,2,350,6,,Low,90,new,/post/igaming-meaning,igaming meaning | igaming definition
35,Growth & Marketing Strategy,gambling marketing,4,280,1,,Medium,15,new,/post/gambling-marketing,gambling marketing | online betting marketing strategy | online gambling marketing | online gambling marketing strategy
36,"Platform, Ad Network & Traffic",gambling ads traffic,2,70,7,,Core,33,new,/post/gambling-ads-traffic,gambling ads traffic | casino ads traffic
37,Affiliate Economy,casino affiliate programme,2,210,1,,Medium,31,new,/post/casino-affiliate-programme,casino affiliate programme | best igaming affiliate programs 2026
38,"Platform, Ad Network & Traffic",gambling push ads,3,50,8,,Core,59,new,/post/gambling-push-ads,gambling push ads | casino push ads | betting push ads
39,Growth & Marketing Strategy,sports betting marketing,4,220,2,,Medium,21,new,/post/sports-betting-marketing,sports betting marketing | betting marketing | betting digital marketing | digital marketing for betting sites
40,Growth & Marketing Strategy,casino marketing software,1,100,4,,Medium,90,new,/post/casino-marketing-software,casino marketing software
41,Affiliate Economy,igaming affiliate list,2,160,4,,Medium,31,new,/post/igaming-affiliate-list,igaming affiliate list | igaming affiliate networks list
42,Compliance & Ad Policies,meta ads policy gambling news,1,70,2,,High,62,new,/post/meta-ads-policy-gambling-news,meta ads policy gambling news
43,"Platform, Ad Network & Traffic",crypto casino traffic,1,50,2,,Core,60,new,/post/crypto-casino-traffic,crypto casino traffic
44,Growth & Marketing Strategy,personalized marketing for igaming,1,100,1,,Medium,89,new,/post/personalized-marketing-for-igaming,personalized marketing for igaming
45,Vertical Advertising Playbooks,best practices for igaming ads,1,60,1,,Core,38,new,/post/best-practices-for-igaming-ads,best practices for igaming ads
46,Compliance & Ad Policies,tiktok advertising policy gambling,1,40,6,,High,100,new,/post/tiktok-advertising-policy-gambling,tiktok advertising policy gambling
47,Growth & Marketing Strategy,gambling influencer marketing,2,70,5,,Medium,100,new,/post/gambling-influencer-marketing,gambling influencer marketing | casino influencer marketing
48,Affiliate Economy,crypto casino affiliate program,1,60,1,13,Medium,78,existing,/post/casino-affiliate-marketing,crypto casino affiliate program
49,Vertical Advertising Playbooks,igaming google ads,1,40,3,,Core,57,new,/post/igaming-google-ads,igaming google ads
50,"Platform, Ad Network & Traffic",igaming traffic purchase online advertising,1,70,1,,Core,12,new,/post/igaming-traffic-purchase-online-advertising,igaming traffic purchase online advertising
51,"Platform, Ad Network & Traffic",adsterra alternative,1,30,1,,Core,100,new,/post/adsterra-alternative,adsterra alternative
52,"Platform, Ad Network & Traffic",online casino advertising networks for publishers,2,50,3,,Core,31,new,/post/online-casino-advertising-networks-for-publishers,online casino advertising networks for publishers | betting ad network
53,"Platform, Ad Network & Traffic",affiliate casino traffic tools,1,30,3,,Core,67,new,/post/affiliate-casino-traffic-tools,affiliate casino traffic tools
54,"Platform, Ad Network & Traffic",casino media buying,1,30,3,,Core,62,new,/post/casino-media-buying,casino media buying
55,Affiliate Economy,igaming affiliate companies,3,90,8,,Medium,25,new,/post/igaming-affiliate-companies,igaming affiliate companies | igaming affiliate networks | igaming affiliate cpa rates
56,Operator & Industry Resources,casino affiliate marketing system,2,300,2,,Low,17,new,/post/casino-affiliate-marketing-system,casino affiliate marketing system | gambling affiliate marketing system
57,Compliance & Ad Policies,responsible gambling advertising,1,40,0,,High,62,new,/post/responsible-gambling-advertising,responsible gambling advertising
58,Compliance & Ad Policies,sports betting advertising regulation,1,70,0,,High,12,new,/post/sports-betting-advertising-regulation,sports betting advertising regulation
59,"Platform, Ad Network & Traffic",converting casino traffic into players,2,30,7,,Core,33,new,/post/converting-casino-traffic-into-players,converting casino traffic into players | online casino traffic
60,Operator & Industry Resources,white label igaming,3,100,9,,Low,95,new,/post/white-label-igaming,white label igaming | white label casino affiliate program | white label igaming affiliate platform
61,Growth & Marketing Strategy,casino player acquisition,1,40,2,,Medium,100,new,/post/casino-player-acquisition,casino player acquisition
62,Growth & Marketing Strategy,casino pay per click marketing,2,40,5,,Medium,86,new,/post/casino-pay-per-click-marketing,casino pay per click marketing | igaming ppc
63,Affiliate Economy,revshare gambling affiliate program,1,40,1,,Medium,100,new,/post/revshare-gambling-affiliate-program,revshare gambling affiliate program
64,"Platform, Ad Network & Traffic",gambling affiliate traffic,1,30,2,,Core,22,new,/post/gambling-affiliate-traffic,gambling affiliate traffic
65,Growth & Marketing Strategy,igaming marketing software,1,60,0,,Medium,38,new,/post/igaming-marketing-software,igaming marketing software
66,Affiliate Economy,bitcoin casino affiliate program,1,40,1,,Medium,78,new,/post/bitcoin-casino-affiliate-program,bitcoin casino affiliate program
67,Operator & Industry Resources,igaming trends,1,90,1,,Low,100,new,/post/igaming-trends,igaming trends
68,Operator & Industry Resources,best igaming affiliate software,2,200,1,,Low,14,new,/post/best-igaming-affiliate-software,best igaming affiliate software | igaming affiliate management system
69,Affiliate Economy,igaming affiliate roas benchmarks,2,40,4,,Medium,60,new,/post/igaming-affiliate-roas-benchmarks,igaming affiliate roas benchmarks | igaming affiliate revenue share commission rates
70,Growth & Marketing Strategy,performance marketing casino,1,40,2,,Medium,67,new,/post/performance-marketing-casino,performance marketing casino
71,Growth & Marketing Strategy,sweepstakes casino marketing,1,30,2,,Medium,89,new,/post/sweepstakes-casino-marketing,sweepstakes casino marketing
72,Growth & Marketing Strategy,igaming influencer marketing,1,30,4,,Medium,78,new,/post/igaming-influencer-marketing,igaming influencer marketing
73,Vertical Advertising Playbooks,best practices for casino ads,1,30,1,,Core,0,new,/post/best-practices-for-casino-ads,best practices for casino ads
74,"Platform, Ad Network & Traffic",propellerads alternative,1,10,1,,Core,100,new,/post/propellerads-alternative,propellerads alternative
75,"Platform, Ad Network & Traffic",pop-under traffic for betting campaigns,1,10,2,,Core,89,new,/post/pop-under-traffic-for-betting-campaigns,pop-under traffic for betting campaigns
76,Vertical Advertising Playbooks,us sports betting advertising spend 2023,1,10,2,,Core,89,new,/post/us-sports-betting-advertising-spend-2023,us sports betting advertising spend 2023
77,"Platform, Ad Network & Traffic",media buying igaming,1,10,4,,Core,75,new,/post/media-buying-igaming,media buying igaming
78,Vertical Advertising Playbooks,igaming advertising trends 2026,1,10,2,,Core,78,new,/post/igaming-advertising-trends-2026,igaming advertising trends 2026
79,"Platform, Ad Network & Traffic",hilltopads alternative,1,10,2,,Core,78,new,/post/hilltopads-alternative,hilltopads alternative
80,Growth & Marketing Strategy,social media marketing for gambling,1,30,1,,Medium,50,new,/post/social-media-marketing-for-gambling,social media marketing for gambling
81,Growth & Marketing Strategy,esports betting marketing,1,20,1,,Medium,100,new,/post/esports-betting-marketing,esports betting marketing
82,Operator & Industry Resources,affiliate marketing software for sportsbook,2,80,2,,Low,42,new,/post/affiliate-marketing-software-for-sportsbook,affiliate marketing software for sportsbook | affiliate marketing software for betting
83,Compliance & Ad Policies,microsoft advertising gambling policy,1,10,1,,High,100,new,/post/microsoft-advertising-gambling-policy,microsoft advertising gambling policy
84,Affiliate Economy,sweepstakes casino affiliate program,1,20,1,,Medium,70,new,/post/sweepstakes-casino-affiliate-program,sweepstakes casino affiliate program
85,Growth & Marketing Strategy,igaming marketing guide,1,30,2,,Medium,25,new,/post/igaming-marketing-guide,igaming marketing guide
86,Growth & Marketing Strategy,social media marketing for betting,1,20,0,,Medium,62,new,/post/social-media-marketing-for-betting,social media marketing for betting
87,Compliance & Ad Policies,taboola advertising policy gambling,1,10,2,,High,67,new,/post/taboola-advertising-policy-gambling,taboola advertising policy gambling
88,Growth & Marketing Strategy,igaming social media marketing,1,20,1,,Medium,43,new,/post/igaming-social-media-marketing,igaming social media marketing
89,Growth & Marketing Strategy,best practices for casino player acquisition,1,20,3,,Medium,33,new,/post/best-practices-for-casino-player-acquisition,best practices for casino player acquisition
90,Affiliate Economy,revshare for igaming affiliate programs,1,20,2,,Medium,33,new,/post/revshare-for-igaming-affiliate-programs,revshare for igaming affiliate programs
91,Growth & Marketing Strategy,casino sms marketing,1,10,6,,Medium,100,new,/post/casino-sms-marketing,casino sms marketing
92,Growth & Marketing Strategy,online casino marketing funnel,2,20,2,,Medium,29,new,/post/online-casino-marketing-funnel,online casino marketing funnel | casino online marketing
93,Compliance & Ad Policies,guide to compliant gambling advertising,1,10,1,,High,38,new,/post/guide-to-compliant-gambling-advertising,guide to compliant gambling advertising
94,Growth & Marketing Strategy,igaming marketing attribution platform,1,10,2,,Medium,89,new,/post/igaming-marketing-attribution-platform,igaming marketing attribution platform
95,Affiliate Economy,igaming affiliate fraud,1,10,1,,Medium,88,new,/post/igaming-affiliate-fraud,igaming affiliate fraud
96,Growth & Marketing Strategy,online gambling marketing solution,1,20,0,,Medium,12,new,/post/online-gambling-marketing-solution,online gambling marketing solution
97,Growth & Marketing Strategy,sports betting email marketing,1,10,2,,Medium,62,new,/post/sports-betting-email-marketing,sports betting email marketing
98,Affiliate Economy,casino affiliate program cpa,1,10,0,,Medium,57,new,/post/casino-affiliate-program-cpa,casino affiliate program cpa
99,Growth & Marketing Strategy,crypto casino marketing strategies,1,10,3,,Medium,38,new,/post/crypto-casino-marketing-strategies,crypto casino marketing strategies
100,Growth & Marketing Strategy,performance marketing igaming,1,10,1,,Medium,25,new,/post/performance-marketing-igaming,performance marketing igaming
101,Affiliate Economy,igaming affiliate cpa per ftd range,1,10,2,,Medium,22,new,/post/igaming-affiliate-cpa-per-ftd-range,igaming affiliate cpa per ftd range
102,Affiliate Economy,guide to casino affiliate marketing,1,10,1,,Medium,12,new,/post/guide-to-casino-affiliate-marketing,guide to casino affiliate marketing
